storeName,date,modelName,number,game,difference,BB,RB,allprobability,BBprobability,RBprobability
アロー池上,2024-07-15,マイジャグラーV,761,6954,-391,23,18,169.6,302.3,386.3
アロー池上,2024-07-15,マイジャグラーV,762,4667,-2195,11,8,245.6,424.3,583.4
アロー池上,2024-07-15,マイジャグラーV,763,6660,-616,23,17,166.5,289.6,391.8
アロー池上,2024-07-15,マイジャグラーV,764,5851,1609,29,14,136.1,201.8,417.9
アロー池上,2024-07-15,マイジャグラーV,765,7651,6843,55,24,96.8,139.1,318.8
アロー池上,2024-07-15,マイジャグラーV,766,6614,1768,32,17,135.0,206.7,389.1
アロー池上,2024-07-15,マイジャグラーV,767,4130,-1437,11,9,206.5,375.5,458.9
アロー池上,2024-07-15,マイジャグラーV,768,6049,431,24,16,151.2,252.0,378.1
アロー池上,2024-07-15,マイジャグラーV,769,7367,709,31,16,156.7,237.6,460.4
アロー池上,2024-07-15,マイジャグラーV,770,6258,431,26,21,133.1,240.7,298.0
アロー池上,2024-07-15,マイジャグラーV,771,7403,-126,28,20,154.2,264.4,370.1
アロー池上,2024-07-15,マイジャグラーV,772,5186,-1384,16,14,172.9,324.1,370.4
アロー池上,2024-07-15,マイジャグラーV,773,6430,1345,27,20,136.8,238.1,321.5
アロー池上,2024-07-15,マイジャグラーV,774,3682,-1662,10,6,230.1,368.2,613.7
アロー池上,2024-07-15,マイジャグラーV,775,7830,1106,34,20,145.0,230.3,391.5
アロー池上,2024-07-15,マイジャグラーV,776,4655,-775,16,9,186.2,290.9,517.2
アロー池上,2024-07-15,マイジャグラーV,777,5705,-364,21,14,163.0,271.7,407.5
アロー池上,2024-07-15,マイジャグラーV,778,7326,510,29,18,155.9,252.6,407.0
アロー池上,2024-07-15,マイジャグラーV,779,5147,-1053,15,14,177.5,343.1,367.6
アロー池上,2024-07-15,マイジャグラーV,780,7517,-2036,18,23,183.3,417.6,326.8
アロー池上,2024-07-15,マイジャグラーV,821,8763,-1778,20,34,162.3,438.1,257.7
アロー池上,2024-07-15,マイジャグラーV,822,7008,-1977,18,21,179.7,389.3,333.7
アロー池上,2024-07-15,マイジャグラーV,823,7804,46,31,14,173.4,251.7,557.4
アロー池上,2024-07-15,マイジャグラーV,824,4810,1119,24,10,141.5,200.4,481.0
アロー池上,2024-07-15,マイジャグラーV,825,7148,788,30,24,132.4,238.3,297.8
アロー池上,2024-07-15,マイジャグラーV,826,6776,1649,29,26,123.2,233.7,260.6
アロー池上,2024-07-15,マイジャグラーV,827,6122,205,26,13,157.0,235.5,470.9
アロー池上,2024-07-15,マイジャグラーV,828,4525,-987,13,12,181.0,348.1,377.1
アロー池上,2024-07-15,マイジャグラーV,829,5451,-708,17,13,181.7,320.6,419.3
アロー池上,2024-07-15,マイジャグラーV,830,7964,-205,26,28,147.5,306.3,284.4
アロー池上,2024-07-15,マイジャグラーV,831,4873,-1238,16,9,194.9,304.6,541.4
アロー池上,2024-07-15,マイジャグラーV,832,5245,-377,23,4,194.3,228.0,1311.2
アロー池上,2024-07-15,マイジャグラーV,833,5327,-391,20,13,161.4,266.4,409.8
アロー池上,2024-07-15,マイジャグラーV,834,5201,-1238,14,12,200.0,371.5,433.4
アロー池上,2024-07-15,マイジャグラーV,835,7103,-2076,17,21,186.9,417.8,338.2
アロー池上,2024-07-15,マイジャグラーV,836,6242,854,29,12,152.2,215.2,520.2
アロー池上,2024-07-15,マイジャグラーV,837,7847,-589,27,24,153.9,290.6,327.0
アロー池上,2024-07-15,マイジャグラーV,838,7211,86,28,22,144.2,257.5,327.8
アロー池上,2024-07-15,マイジャグラーV,839,7264,-655,24,23,154.6,302.7,315.8
アロー池上,2024-07-15,マイジャグラーV,840,8136,-483,25,32,142.7,325.4,254.2
アロー池上,2024-07-15,スマスロ北斗の拳,701,4672,1876,61,13,63.1,76.6,359.4
アロー池上,2024-07-15,スマスロ北斗の拳,702,4144,245,47,12,70.2,88.2,345.3
アロー池上,2024-07-15,スマスロ北斗の拳,703,5153,-99,54,12,78.1,95.4,429.4
アロー池上,2024-07-15,スマスロ北斗の拳,704,5671,815,62,20,69.2,91.5,283.6
アロー池上,2024-07-15,スマスロ北斗の拳,705,2976,2613,56,8,46.5,53.1,372.0
アロー池上,2024-07-15,スマスロ北斗の拳,706,5793,3626,86,22,53.6,67.4,263.3
アロー池上,2024-07-15,スマスロ北斗の拳,707,4824,-960,46,9,87.7,104.9,536.0
アロー池上,2024-07-15,スマスロ北斗の拳,708,6427,-785,69,11,80.3,93.1,584.3
アロー池上,2024-07-15,スマスロ北斗の拳,709,5653,4152,92,19,50.9,61.4,297.5
アロー池上,2024-07-15,スマスロ北斗の拳,710,5256,-1818,41,10,103.1,128.2,525.6
アロー池上,2024-07-15,スマスロ北斗の拳,711,4596,99,52,12,71.8,88.4,383.0
アロー池上,2024-07-15,スマスロ北斗の拳,712,6155,695,67,23,68.4,91.9,267.6
アロー池上,2024-07-15,スマスロ北斗の拳,713,3835,-642,36,11,81.6,106.5,348.6
アロー池上,2024-07-15,スマスロ北斗の拳,714,3801,1529,55,4,64.4,69.1,950.2
アロー池上,2024-07-15,スマスロ北斗の拳,715,5019,-1159,46,7,94.7,109.1,717.0
アロー池上,2024-07-15,スマスロ北斗の拳,726,3660,298,45,7,70.4,81.3,522.9
アロー池上,2024-07-15,スマスロ北斗の拳,727,5880,6644,108,25,44.2,54.4,235.2
アロー池上,2024-07-15,スマスロ北斗の拳,728,4908,-3189,28,10,129.2,175.3,490.8
アロー池上,2024-07-15,スマスロ北斗の拳,729,5592,3606,89,18,52.3,62.8,310.7
アロー池上,2024-07-15,スマスロ北斗の拳,730,2208,-2155,7,4,200.7,315.4,552.0
アロー池上,2024-07-15,スマスロ北斗の拳,731,3034,2553,52,8,50.6,58.3,379.2
アロー池上,2024-07-15,スマスロ北斗の拳,732,4401,7739,109,6,38.3,40.4,733.5
アロー池上,2024-07-15,スマスロ北斗の拳,733,2121,4066,55,2,37.2,38.6,1060.5
アロー池上,2024-07-15,スマスロ北斗の拳,734,5684,3805,82,26,52.6,69.3,218.6
アロー池上,2024-07-15,スマスロ北斗の拳,735,4338,-2275,29,12,105.8,149.6,361.5
アロー池上,2024-07-15,スマスロ北斗の拳,736,5797,-1579,47,17,90.6,123.3,341.0
アロー池上,2024-07-15,スマスロ北斗の拳,737,5374,338,58,13,75.7,92.7,413.4
アロー池上,2024-07-15,スマスロ北斗の拳,738,6914,1212,75,25,69.1,92.2,276.6
アロー池上,2024-07-15,スマスロ北斗の拳,739,5582,-109,65,11,73.4,85.9,507.5
アロー池上,2024-07-15,スマスロ北斗の拳,740,4346,-1798,33,7,108.7,131.7,620.9
アロー池上,2024-07-15,アイムジャグラーEX-TP,681,4627,-1996,9,12,220.3,514.1,385.6
アロー池上,2024-07-15,アイムジャグラーEX-TP,682,5028,-126,22,8,167.6,228.5,628.5
アロー池上,2024-07-15,アイムジャグラーEX-TP,683,4957,-881,16,12,177.0,309.8,413.1
アロー池上,2024-07-15,アイムジャグラーEX-TP,684,4855,-417,17,13,161.8,285.6,373.5
アロー池上,2024-07-15,アイムジャグラーEX-TP,685,5875,-470,21,17,154.6,279.8,345.6
アロー池上,2024-07-15,アイムジャグラーEX-TP,751,6925,272,22,34,123.7,314.8,203.7
アロー池上,2024-07-15,アイムジャグラーEX-TP,752,3750,-1013,13,3,234.4,288.5,1250.0
アロー池上,2024-07-15,アイムジャグラーEX-TP,753,6160,1106,28,14,146.7,220.0,440.0
アロー池上,2024-07-15,アイムジャグラーEX-TP,754,3624,-1238,10,8,201.3,362.4,453.0
アロー池上,2024-07-15,アイムジャグラーEX-TP,755,7664,2116,35,25,127.7,219.0,306.6
アロー池上,2024-07-15,アイムジャグラーEX-TP,756,6572,1225,30,17,139.8,219.1,386.6
アロー池上,2024-07-15,アイムジャグラーEX-TP,757,4334,1119,20,9,149.4,216.7,481.6
アロー池上,2024-07-15,アイムジャグラーEX-TP,758,5937,258,26,10,164.9,228.3,593.7
アロー池上,2024-07-15,アイムジャグラーEX-TP,759,3294,-1357,7,8,219.6,470.6,411.8
アロー池上,2024-07-15,アイムジャグラーEX-TP,760,6347,-1142,20,15,181.3,317.4,423.1
アロー池上,2024-07-15,からくりサーカス,621,7632,553,0,17,448.9,0.0,448.9
アロー池上,2024-07-15,からくりサーカス,622,6783,-2295,0,13,521.8,0.0,521.8
アロー池上,2024-07-15,からくりサーカス,623,7307,1540,0,13,562.1,0.0,562.1
アロー池上,2024-07-15,からくりサーカス,624,9920,-3739,0,19,522.1,0.0,522.1
アロー池上,2024-07-15,からくりサーカス,625,5979,-311,0,15,398.6,0.0,398.6
アロー池上,2024-07-15,からくりサーカス,626,7705,-745,0,20,385.2,0.0,385.2
アロー池上,2024-07-15,からくりサーカス,627,5221,-3049,0,12,435.1,0.0,435.1
アロー池上,2024-07-15,からくりサーカス,628,5722,-3761,0,16,357.6,0.0,357.6
アロー池上,2024-07-15,からくりサーカス,629,8141,3675,0,24,339.2,0.0,339.2
アロー池上,2024-07-15,からくりサーカス,630,5692,-2155,0,12,474.3,0.0,474.3
アロー池上,2024-07-15,スマスロ炎炎ノ消防隊,791,4984,-1679,0,11,453.1,0.0,453.1
アロー池上,2024-07-15,スマスロ炎炎ノ消防隊,792,8003,-606,0,20,400.1,0.0,400.1
アロー池上,2024-07-15,スマスロ炎炎ノ消防隊,793,5425,-1437,0,16,339.1,0.0,339.1
アロー池上,2024-07-15,スマスロ炎炎ノ消防隊,794,5097,-2612,0,17,299.8,0.0,299.8
アロー池上,2024-07-15,スマスロ炎炎ノ消防隊,795,5813,3924,0,7,830.4,0.0,830.4
アロー池上,2024-07-15,スマスロ炎炎ノ消防隊,796,5685,-5647,0,16,355.3,0.0,355.3
アロー池上,2024-07-15,スマスロ炎炎ノ消防隊,797,6569,-4043,0,12,547.4,0.0,547.4
アロー池上,2024-07-15,スマスロ炎炎ノ消防隊,798,7430,-258,0,14,530.7,0.0,530.7
アロー池上,2024-07-15,スマスロ炎炎ノ消防隊,799,4793,-2652,0,11,435.7,0.0,435.7
アロー池上,2024-07-15,スマスロ炎炎ノ消防隊,800,6102,-1000,0,14,435.9,0.0,435.9
アロー池上,2024-07-15,バジリスク～甲賀忍法帖～絆2 天膳 BLACK EDITION,901,3392,-2314,28,0,121.1,121.1,0.0
アロー池上,2024-07-15,バジリスク～甲賀忍法帖～絆2 天膳 BLACK EDITION,902,5887,1997,45,0,130.8,130.8,0.0
アロー池上,2024-07-15,バジリスク～甲賀忍法帖～絆2 天膳 BLACK EDITION,903,4908,-2732,34,0,144.4,144.4,0.0
アロー池上,2024-07-15,バジリスク～甲賀忍法帖～絆2 天膳 BLACK EDITION,904,5929,-2593,34,0,174.4,174.4,0.0
アロー池上,2024-07-15,バジリスク～甲賀忍法帖～絆2 天膳 BLACK EDITION,905,2800,-2732,17,0,164.7,164.7,0.0
アロー池上,2024-07-15,バジリスク～甲賀忍法帖～絆2 天膳 BLACK EDITION,906,6879,3762,52,0,132.3,132.3,0.0
アロー池上,2024-07-15,バジリスク～甲賀忍法帖～絆2 天膳 BLACK EDITION,907,5346,629,44,0,121.5,121.5,0.0
アロー池上,2024-07-15,バジリスク～甲賀忍法帖～絆2 天膳 BLACK EDITION,908,6078,5707,47,0,129.3,129.3,0.0
アロー池上,2024-07-15,バジリスク～甲賀忍法帖～絆2 天膳 BLACK EDITION,909,3541,-2533,26,0,136.2,136.2,0.0
アロー池上,2024-07-15,バジリスク～甲賀忍法帖～絆2 天膳 BLACK EDITION,910,6174,149,54,0,114.3,114.3,0.0
アロー池上,2024-07-15,ハッピージャグラーVIII,741,6190,364,25,16,151.0,247.6,386.9
アロー池上,2024-07-15,ハッピージャグラーVIII,742,6593,179,26,20,143.3,253.6,329.6
アロー池上,2024-07-15,ハッピージャグラーVIII,743,7138,1146,31,20,140.0,230.3,356.9
アロー池上,2024-07-15,ハッピージャグラーVIII,744,4527,-695,15,10,181.1,301.8,452.7
アロー池上,2024-07-15,ハッピージャグラーVIII,745,4806,576,20,11,155.0,240.3,436.9
アロー池上,2024-07-15,ハッピージャグラーVIII,746,5737,99,23,14,155.1,249.4,409.8
アロー池上,2024-07-15,ハッピージャグラーVIII,747,3759,-1318,9,10,197.8,417.7,375.9
アロー池上,2024-07-15,ハッピージャグラーVIII,748,7862,1186,33,28,128.9,238.2,280.8
アロー池上,2024-07-15,ハッピージャグラーVIII,749,6907,205,29,16,153.5,238.2,431.7
アロー池上,2024-07-15,ハッピージャグラーVIII,750,3349,86,13,9,152.2,257.6,372.1
アロー池上,2024-07-15,ファンキージャグラー2,691,7191,2494,34,24,124.0,211.5,299.6
アロー池上,2024-07-15,ファンキージャグラー2,692,6039,2513,32,18,120.8,188.7,335.5
アロー池上,2024-07-15,ファンキージャグラー2,693,7302,-563,26,17,169.8,280.8,429.5
アロー池上,2024-07-15,ファンキージャグラー2,694,7463,258,29,24,140.8,257.3,311.0
アロー池上,2024-07-15,ファンキージャグラー2,695,4641,-324,18,9,171.9,257.8,515.7
アロー池上,2024-07-15,ファンキージャグラー2,696,4673,-2136,13,7,233.7,359.5,667.6
アロー池上,2024-07-15,ファンキージャグラー2,697,5336,166,22,12,156.9,242.5,444.7
アロー池上,2024-07-15,ファンキージャグラー2,698,7964,1401,37,24,130.6,215.2,331.8
アロー池上,2024-07-15,ファンキージャグラー2,699,5100,1146,28,6,150.0,182.1,850.0
アロー池上,2024-07-15,ファンキージャグラー2,700,6033,-1957,15,17,188.5,402.2,354.9
アロー池上,2024-07-15,戦姫絶唱シンフォギア 正義の歌,641,7970,-2612,0,21,379.5,0.0,379.5
アロー池上,2024-07-15,戦姫絶唱シンフォギア 正義の歌,642,8323,-139,0,24,346.8,0.0,346.8
アロー池上,2024-07-15,戦姫絶唱シンフォギア 正義の歌,643,7475,-311,0,14,533.9,0.0,533.9
アロー池上,2024-07-15,戦姫絶唱シンフォギア 正義の歌,644,9614,7420,0,24,400.6,0.0,400.6
アロー池上,2024-07-15,戦姫絶唱シンフォギア 正義の歌,645,8024,-2990,0,21,382.1,0.0,382.1
アロー池上,2024-07-15,戦姫絶唱シンフォギア 正義の歌,646,6247,-1172,0,19,328.8,0.0,328.8
アロー池上,2024-07-15,戦姫絶唱シンフォギア 正義の歌,647,9306,-20,0,23,404.6,0.0,404.6
アロー池上,2024-07-15,戦姫絶唱シンフォギア 正義の歌,648,10004,-1723,0,18,555.8,0.0,555.8
アロー池上,2024-07-15,戦姫絶唱シンフォギア 正義の歌,649,8278,1361,0,15,551.9,0.0,551.9
アロー池上,2024-07-15,戦姫絶唱シンフォギア 正義の歌,650,9392,3307,0,22,426.9,0.0,426.9
アロー池上,2024-07-15,押忍！番長4,801,7295,2811,0,12,607.9,0.0,607.9
アロー池上,2024-07-15,押忍！番長4,802,6078,1278,0,11,552.5,0.0,552.5
アロー池上,2024-07-15,押忍！番長4,803,4583,-457,0,7,654.7,0.0,654.7
アロー池上,2024-07-15,押忍！番長4,804,8847,1023,0,11,804.3,0.0,804.3
アロー池上,2024-07-15,押忍！番長4,805,6227,-1636,0,7,889.6,0.0,889.6
アロー池上,2024-07-15,押忍！番長4,806,5287,-2672,0,6,881.2,0.0,881.2
アロー池上,2024-07-15,押忍！番長4,807,7032,1160,0,6,1172.0,0.0,1172.0
アロー池上,2024-07-15,押忍！番長4,808,6821,-550,0,7,974.4,0.0,974.4
アロー池上,2024-07-15,押忍！番長4,809,7899,-1000,0,9,877.7,0.0,877.7
アロー池上,2024-07-15,押忍！番長4,810,5554,-3869,0,6,925.7,0.0,925.7
アロー池上,2024-07-15,沖ドキ!BLACK,911,4945,3805,43,30,67.7,115.0,164.8
アロー池上,2024-07-15,沖ドキ!BLACK,912,3464,-1996,11,11,157.5,314.9,314.9
アロー池上,2024-07-15,沖ドキ!BLACK,913,4120,-1679,17,12,142.1,242.4,343.3
アロー池上,2024-07-15,沖ドキ!BLACK,914,4043,656,26,17,94.0,155.5,237.8
アロー池上,2024-07-15,沖ドキ!BLACK,915,5118,-2751,22,7,176.5,232.6,731.1
アロー池上,2024-07-15,沖ドキ!BLACK,916,4610,3914,42,27,66.8,109.8,170.7
アロー池上,2024-07-15,沖ドキ!BLACK,917,5550,-2116,25,15,138.8,222.0,370.0
アロー池上,2024-07-15,沖ドキ!BLACK,918,4497,-93,27,13,112.4,166.6,345.9
アロー池上,2024-07-15,沖ドキ!BLACK,919,5032,-2275,20,13,152.5,251.6,387.1
アロー池上,2024-07-15,沖ドキ!BLACK,920,3930,1222,28,18,85.4,140.4,218.3
アロー池上,2024-07-15,革命機ヴァルヴレイヴ,631,6743,-2771,49,2,132.2,137.6,3371.5
アロー池上,2024-07-15,革命機ヴァルヴレイヴ,632,4210,1739,46,1,89.6,91.5,4210.0
アロー池上,2024-07-15,革命機ヴァルヴレイヴ,633,4618,-1658,33,5,121.5,139.9,923.6
アロー池上,2024-07-15,革命機ヴァルヴレイヴ,634,6231,-3467,21,6,230.8,296.7,1038.5
アロー池上,2024-07-15,革命機ヴァルヴレイヴ,635,5523,2656,64,6,78.9,86.3,920.5
アロー池上,2024-07-15,革命機ヴァルヴレイヴ,636,3705,-944,15,3,205.8,247.0,1235.0
アロー池上,2024-07-15,革命機ヴァルヴレイヴ,637,4695,775,45,2,99.9,104.3,2347.5
アロー池上,2024-07-15,革命機ヴァルヴレイヴ,638,3985,-2136,16,4,199.2,249.1,996.2
アロー池上,2024-07-15,革命機ヴァルヴレイヴ,639,4235,2871,59,1,70.6,71.8,4235.0
アロー池上,2024-07-15,革命機ヴァルヴレイヴ,640,5119,-3718,20,5,204.8,255.9,1023.8
アロー池上,2024-07-15,L南国育ち,841,5579,-1357,26,19,124.0,214.6,293.6
アロー池上,2024-07-15,L南国育ち,842,3464,-2493,9,11,173.2,384.9,314.9
アロー池上,2024-07-15,L南国育ち,843,3204,-3447,5,7,267.0,640.8,457.7
アロー池上,2024-07-15,L南国育ち,844,3245,2752,24,27,63.6,135.2,120.2
アロー池上,2024-07-15,L南国育ち,845,2526,-669,9,14,109.8,280.7,180.4
アロー池上,2024-07-15,ToLOVEるダークネス,851,5256,-3089,31,0,169.5,169.5,0.0
アロー池上,2024-07-15,ToLOVEるダークネス,852,5957,-430,46,0,129.5,129.5,0.0
アロー池上,2024-07-15,ToLOVEるダークネス,853,6404,7901,57,0,112.4,112.4,0.0
アロー池上,2024-07-15,ToLOVEるダークネス,854,6143,205,45,0,136.5,136.5,0.0
アロー池上,2024-07-15,ToLOVEるダークネス,855,5642,3050,46,0,122.7,122.7,0.0
アロー池上,2024-07-15,ゴーゴージャグラー3,686,6419,-311,29,15,145.9,221.3,427.9
アロー池上,2024-07-15,ゴーゴージャグラー3,687,3587,-775,11,11,163.0,326.1,326.1
アロー池上,2024-07-15,ゴーゴージャグラー3,688,6996,1119,34,20,129.6,205.8,349.8
アロー池上,2024-07-15,ゴーゴージャグラー3,689,7249,2633,36,33,105.1,201.4,219.7
アロー池上,2024-07-15,ゴーゴージャグラー3,690,3845,-510,14,10,160.2,274.6,384.5
アロー池上,2024-07-15,ゴジラ対エヴァンゲリオン,656,7989,-444,32,0,249.7,249.7,0.0
アロー池上,2024-07-15,ゴジラ対エヴァンゲリオン,657,7044,4152,33,0,213.5,213.5,0.0
アロー池上,2024-07-15,ゴジラ対エヴァンゲリオン,658,5831,-4000,21,0,277.7,277.7,0.0
アロー池上,2024-07-15,ゴジラ対エヴァンゲリオン,659,4673,-785,14,0,333.8,333.8,0.0
アロー池上,2024-07-15,ゴジラ対エヴァンゲリオン,660,7429,3735,30,0,247.6,247.6,0.0
アロー池上,2024-07-15,スマスロ真・北斗無双,716,5384,-904,37,0,145.5,145.5,0.0
アロー池上,2024-07-15,スマスロ真・北斗無双,717,6449,-6643,22,0,293.1,293.1,0.0
アロー池上,2024-07-15,スマスロ真・北斗無双,718,5551,-642,48,0,115.6,115.6,0.0
アロー池上,2024-07-15,スマスロ真・北斗無双,719,6033,1421,54,0,111.7,111.7,0.0
アロー池上,2024-07-15,スマスロ真・北斗無双,720,6761,-4780,33,0,204.9,204.9,0.0
アロー池上,2024-07-15,チバリヨ2,846,3075,-2414,10,7,180.9,307.5,439.3
アロー池上,2024-07-15,チバリヨ2,847,4210,-4585,11,6,247.6,382.7,701.7
アロー池上,2024-07-15,チバリヨ2,848,3383,2315,29,16,75.2,116.7,211.4
アロー池上,2024-07-15,チバリヨ2,849,1697,-1877,3,6,188.6,565.7,282.8
アロー池上,2024-07-15,チバリヨ2,850,4364,6562,50,25,58.2,87.3,174.6
アロー池上,2024-07-15,モンキーターンV,811,7460,-367,0,11,678.2,0.0,678.2
アロー池上,2024-07-15,モンキーターンV,812,5323,-1639,0,9,591.4,0.0,591.4
アロー池上,2024-07-15,モンキーターンV,813,8089,-86,0,21,385.2,0.0,385.2
アロー池上,2024-07-15,モンキーターンV,814,5405,-3745,0,9,600.6,0.0,600.6
アロー池上,2024-07-15,モンキーターンV,815,8990,-1102,0,16,561.9,0.0,561.9
アロー池上,2024-07-15,ラブ嬢3～Wご指名はいかがですか?～,781,5464,-3407,0,9,607.1,0.0,607.1
アロー池上,2024-07-15,ラブ嬢3～Wご指名はいかがですか?～,782,6290,-1838,0,16,393.1,0.0,393.1
アロー池上,2024-07-15,ラブ嬢3～Wご指名はいかがですか?～,783,8410,2916,0,17,494.7,0.0,494.7
アロー池上,2024-07-15,ラブ嬢3～Wご指名はいかがですか?～,784,5869,-2175,0,14,419.2,0.0,419.2
アロー池上,2024-07-15,ラブ嬢3～Wご指名はいかがですか?～,785,6315,2288,0,13,485.8,0.0,485.8
アロー池上,2024-07-15,主役は銭形4,816,5225,765,0,11,475.0,0.0,475.0
アロー池上,2024-07-15,主役は銭形4,817,5231,-4325,0,10,523.1,0.0,523.1
アロー池上,2024-07-15,主役は銭形4,818,3889,576,0,7,555.6,0.0,555.6
アロー池上,2024-07-15,主役は銭形4,819,5818,-828,0,12,484.8,0.0,484.8
アロー池上,2024-07-15,主役は銭形4,820,6596,1212,0,12,549.7,0.0,549.7
アロー池上,2024-07-15,忍魂参 ～奥義皆伝ノ章～,856,4675,-586,0,6,779.2,0.0,779.2
アロー池上,2024-07-15,忍魂参 ～奥義皆伝ノ章～,857,5863,-3674,0,13,451.0,0.0,451.0
アロー池上,2024-07-15,忍魂参 ～奥義皆伝ノ章～,858,4559,-2036,0,7,651.3,0.0,651.3
アロー池上,2024-07-15,忍魂参 ～奥義皆伝ノ章～,859,5935,-4281,0,12,494.6,0.0,494.6
アロー池上,2024-07-15,忍魂参 ～奥義皆伝ノ章～,860,6404,-3479,0,11,582.2,0.0,582.2
アロー池上,2024-07-15,戦国乙女4 戦乱に閃く炯眼の軍師,786,5447,510,24,0,227.0,227.0,0.0
アロー池上,2024-07-15,戦国乙女4 戦乱に閃く炯眼の軍師,787,5433,-1569,23,0,236.2,236.2,0.0
アロー池上,2024-07-15,戦国乙女4 戦乱に閃く炯眼の軍師,788,7158,-4303,27,0,265.1,265.1,0.0
アロー池上,2024-07-15,戦国乙女4 戦乱に閃く炯眼の軍師,789,4154,-1715,15,0,276.9,276.9,0.0
アロー池上,2024-07-15,戦国乙女4 戦乱に閃く炯眼の軍師,790,6203,-1066,21,0,295.4,295.4,0.0
アロー池上,2024-07-15,甲鉄城のカバネリ,661,7059,-470,0,24,294.1,0.0,294.1
アロー池上,2024-07-15,甲鉄城のカバネリ,662,6522,-550,0,16,407.6,0.0,407.6
アロー池上,2024-07-15,甲鉄城のカバネリ,663,5007,815,0,17,294.5,0.0,294.5
アロー池上,2024-07-15,甲鉄城のカバネリ,664,4091,-2036,0,12,340.9,0.0,340.9
アロー池上,2024-07-15,甲鉄城のカバネリ,665,6844,-4325,0,22,311.1,0.0,311.1
アロー池上,2024-07-15,痛いのは嫌なので防御力に極振りしたいと思います。,721,5043,-2434,18,9,186.8,280.2,560.3
アロー池上,2024-07-15,痛いのは嫌なので防御力に極振りしたいと思います。,722,5727,6325,48,34,69.8,119.3,168.4
アロー池上,2024-07-15,痛いのは嫌なので防御力に極振りしたいと思います。,723,5771,-467,28,20,120.2,206.1,288.6
アロー池上,2024-07-15,痛いのは嫌なので防御力に極振りしたいと思います。,724,5126,86,30,17,109.1,170.9,301.5
アロー池上,2024-07-15,痛いのは嫌なので防御力に極振りしたいと思います。,725,6022,3480,45,23,88.6,133.8,261.8
アロー池上,2024-07-15,聖闘士星矢 海皇覚醒 CUSTOM EDITION,651,8577,1854,0,7,1225.3,0.0,1225.3
アロー池上,2024-07-15,聖闘士星矢 海皇覚醒 CUSTOM EDITION,652,7882,-6464,0,4,1970.5,0.0,1970.5
アロー池上,2024-07-15,聖闘士星矢 海皇覚醒 CUSTOM EDITION,653,8963,4671,0,11,814.8,0.0,814.8
アロー池上,2024-07-15,聖闘士星矢 海皇覚醒 CUSTOM EDITION,654,8521,2002,0,5,1704.2,0.0,1704.2
アロー池上,2024-07-15,聖闘士星矢 海皇覚醒 CUSTOM EDITION,655,7770,-5409,0,5,1554.0,0.0,1554.0
アロー池上,2024-07-15,キン肉マン～7人の悪魔超人編～,618,5205,431,0,11,473.2,0.0,473.2
アロー池上,2024-07-15,キン肉マン～7人の悪魔超人編～,619,6686,3784,0,13,514.3,0.0,514.3
アロー池上,2024-07-15,キン肉マン～7人の悪魔超人編～,620,6682,-2831,0,13,514.0,0.0,514.0
アロー池上,2024-07-15,アカメが斬る！2,614,7130,2786,0,26,274.2,0.0,274.2
アロー池上,2024-07-15,アカメが斬る！2,615,5977,-2136,0,16,373.6,0.0,373.6
アロー池上,2024-07-15,ゴールデンカムイ,616,4026,-629,0,6,671.0,0.0,671.0
アロー池上,2024-07-15,ゴールデンカムイ,617,4505,-814,0,9,500.6,0.0,500.6
アロー池上,2024-07-15,スマート沖スロ ドラゴンハナハナ～閃光～,601,7428,1977,38,14,142.8,195.5,530.6
アロー池上,2024-07-15,スマート沖スロ ドラゴンハナハナ～閃光～,602,7819,775,34,19,147.5,230.0,411.5
アロー池上,2024-07-15,ニューパルサーDX3,678,3267,-192,10,8,181.5,326.7,408.4
アロー池上,2024-07-15,ニューパルサーDX3,679,5539,-430,17,15,173.1,325.8,369.3
アロー池上,2024-07-15,交響詩篇エウレカセブン HI-EVOLUTION ZERO TYPE‐ART,666,5067,-1357,22,0,230.3,230.3,0.0
アロー池上,2024-07-15,交響詩篇エウレカセブン HI-EVOLUTION ZERO TYPE‐ART,667,4504,-1755,19,0,237.1,237.1,0.0
アロー池上,2024-07-15,新ハナビ,674,6666,-1384,19,14,202.0,350.8,476.1
アロー池上,2024-07-15,新ハナビ,675,6430,-1119,20,16,178.6,321.5,401.9
アロー池上,2024-07-15,ごーやちゃんぷるー,603,4101,1083,32,13,91.1,128.2,315.5
アロー池上,2024-07-15,アオハル♪操 A‐LIVE,604,3055,-1212,8,8,190.9,381.9,381.9
アロー池上,2024-07-15,交響詩篇エウレカセブン4 HI-EVOLUTION,605,5801,2895,0,31,187.1,0.0,187.1
アロー池上,2024-07-15,転生したらスライムだった件,606,5266,-1520,0,10,526.6,0.0,526.6
アロー池上,2024-07-15,スマスロキングパルサー,607,3685,-1119,13,7,184.2,283.5,526.4
アロー池上,2024-07-15,マジカルハロウィン8,608,6282,2831,47,0,133.7,133.7,0.0
アロー池上,2024-07-15,とある魔術の禁書目録,609,6367,-510,0,21,303.2,0.0,303.2
アロー池上,2024-07-15,吉宗RISING,610,4295,1358,0,2,2147.5,0.0,2147.5
アロー池上,2024-07-15,HEY！エリートサラリーマン鏡,611,5353,722,0,9,594.8,0.0,594.8
アロー池上,2024-07-15,麻雀格闘倶楽部 覚醒,612,4559,-1659,0,12,379.9,0.0,379.9
アロー池上,2024-07-15,仮面ライダー 7RIDERS,613,4924,1103,0,15,328.3,0.0,328.3
アロー池上,2024-07-15,モンスターハンターワールド:アイスボーン,668,5174,-1344,0,0,0.0,0.0,0.0
アロー池上,2024-07-15,ダンジョンに出会いを求めるのは間違っているだろうか2,669,6994,33,33,0,211.9,211.9,0.0
アロー池上,2024-07-15,炎炎ノ消防隊,670,4985,-828,0,8,623.1,0.0,623.1
アロー池上,2024-07-15,この素晴らしい世界に祝福を！,671,5567,-1450,0,17,327.5,0.0,327.5
アロー池上,2024-07-15,バイオハザード RE:2,672,4282,-682,29,0,147.7,147.7,0.0
アロー池上,2024-07-15,ガメラ2,673,3248,-1715,6,3,360.9,541.3,1082.7
アロー池上,2024-07-15,ディスクアップ2,676,5519,629,21,9,184.0,262.8,613.2
アロー池上,2024-07-15,バーサスリヴァイズ,677,5528,-1649,15,10,221.1,368.5,552.8
アロー池上,2024-07-15,ジャグラーガールズ,680,6445,-1940,13,23,179.0,495.8,280.2
